<?xml version="1.0" encoding="utf-8" ?>
<dwsync>
<file name="tituloAislantesCalorPortavasos.gif" local="128315976396562500" remote="128321195400000000" testing="0" />
<file name="tituloAsientosEstadio.gif" local="128315978219375000" remote="128321195400000000" testing="0" />
<file name="tituloCajasDecorativas.gif" local="128315980351250000" remote="128321195400000000" testing="0" />
<file name="tituloCoasters.gif" local="128315978931562500" remote="128321196000000000" testing="0" />
<file name="tituloArticulosPromocionales.gif" local="128316016544218750" remote="128321196000000000" testing="0" />
<file name="bannerArticulosPromocionales.jpg" local="128316731080000000" remote="128321196000000000" testing="0" />
<file name="tituloRevisteros.gif" local="128315979602187500" remote="128321196000000000" testing="0" />
<file name="tituloRompecabezas.gif" local="128315977486718750" remote="128321196000000000" testing="0" />
<file name="tituloBindingCase.gif" local="128315967061718750" remote="128321196000000000" testing="0" />
<file name="tituloLetterFile.gif" local="128315968232031250" remote="128321196000000000" testing="0" />
<file name="tituloFoldersExpansibles.gif" local="128315974271718750" remote="128321196600000000" testing="0" />
<file name="tituloPapeleria.gif" local="128315997542343750" remote="128321196600000000" testing="0" />
<file name="tituloPortadores.gif" local="128315984070000000" remote="128321196600000000" testing="0" />
<file name="tituloDivisiones.gif" local="128315970650937500" remote="128321196600000000" testing="0" />
<file name="tituloDuplicados.gif" local="128315970796562500" remote="128321196600000000" testing="0" />
<file name="tituloPortafolios.gif" local="128315970967031250" remote="128321196600000000" testing="0" />
</dwsync>